{
  "Scenario": "B: Caps only",
  "TotalEnergyKWh": 224.60896266146588,
  "MakespanS": 477965.00283561746,
  "P50CompletionS": 222309.57260177558,
  "P95CompletionS": 462933.81666497944,
  "AvgPendingS": 227224.85747835613,
  "PeakRackPowerW": 3473,
  "AvgRackPowerW": 3472.9999999999973,
  "P95RackPowerW": 3473,
  "PeakCoolingStress": 6.019866666666667,
  "AvgCoolingStress": 6.019866666666667,
  "PeakPSUStress": 6.946,
  "EcoPct": 100,
  "SliceUtilization": 0,
  "EnergyDelayProduct": 386478804511413.5,
  "NodeProfileChurn": 0,
  "RescheduledJobs": 0,
  "TotalReschedulingOverheadS": 0
}