{
  "Scenario": "A: Baseline (no Joulie)",
  "TotalEnergyKWh": 285.29545039873295,
  "MakespanS": 394473.1160816292,
  "P50CompletionS": 182741.84561453023,
  "P95CompletionS": 381659.76586984616,
  "AvgPendingS": 187184.54300323603,
  "PeakRackPowerW": 3473,
  "AvgRackPowerW": 3473,
  "P95RackPowerW": 3473,
  "PeakCoolingStress": 6.019866666666667,
  "AvgCoolingStress": 6.019866666666667,
  "PeakPSUStress": 6.946,
  "EcoPct": 0,
  "SliceUtilization": 0,
  "EnergyDelayProduct": 405148987161720.25,
  "NodeProfileChurn": 0,
  "RescheduledJobs": 0,
  "TotalReschedulingOverheadS": 0
}